icao24,callsign,latitude,longitude,altitude,timestamp
750239,AXM1726,3.6253,101.0312,10027.92,2026-03-27 16:08:22
750239,AXM1726,3.6253,101.0312,10027.92,2026-03-27 16:10:28
80073e,AIC301,4.4674,101.4504,11574.78,2026-03-27 17:52:05
80073e,AIC301,4.4674,101.4504,11574.78,2026-03-27 17:53:06
8005f1,AIC309,3.691,101.4868,12184.38,2026-03-27 17:55:07
8007cd,IGO1001,3.9808,100.0591,11277.6,2026-03-27 18:07:30
8007cd,IGO1001,3.8211,100.2221,11277.6,2026-03-27 18:08:31
8007cd,IGO1001,3.7251,100.3201,11277.6,2026-03-27 18:09:32
8007cd,IGO1001,3.6318,100.4153,11285.22,2026-03-27 18:10:33
8940ba,N/A,3.8655,100.1769,11887.2,2026-03-27 18:13:35
8940ba,DHX781,3.7702,100.2742,11887.2,2026-03-27 18:14:36
8940ba,DHX781,3.6823,100.3639,11887.2,2026-03-27 18:15:37
8940ba,DHX781,3.6179,100.4295,11887.2,2026-03-27 18:16:38
76cef4,SIA346,3.7443,101.7163,9144.0,2026-03-27 18:28:54
76cef4,SIA346,3.8253,101.6246,9144.0,2026-03-27 18:29:55
76cef4,SIA346,3.897,101.5433,9144.0,2026-03-27 18:30:56
484cbc,KLM836,3.8923,101.7673,8534.4,2026-03-27 18:31:57
76cef4,SIA346,3.897,101.5433,9144.0,2026-03-27 18:31:57
484cbc,KLM836,4.0254,101.6759,8534.4,2026-03-27 18:32:57
76cef4,SIA346,3.897,101.5433,9144.0,2026-03-27 18:32:57
76bcca,N/A,3.6974,100.9964,11887.2,2026-03-27 18:32:57
484cbc,KLM836,4.1368,101.5993,8534.4,2026-03-27 18:33:58
76cef4,SIA346,3.897,101.5433,9144.0,2026-03-27 18:33:58
484cbc,KLM836,4.1368,101.5993,8534.4,2026-03-27 18:34:59
76cef4,SIA346,3.897,101.5433,9144.0,2026-03-27 18:34:59
484cbc,KLM836,4.1368,101.5993,8534.4,2026-03-27 18:36:00
484cbc,KLM836,4.1368,101.5993,8534.4,2026-03-27 18:37:01
484cbc,KLM836,4.1368,101.5993,8534.4,2026-03-27 18:38:02
484cbc,KLM836,4.1368,101.5993,8534.4,2026-03-27 18:39:03
abc591,FDX5040,3.684,101.2736,11277.6,2026-03-27 18:51:13
76cda7,SIA302,3.6052,101.6757,9845.04,2026-03-27 19:00:20
76cda7,SIA302,3.7023,101.5712,9974.58,2026-03-27 19:01:21
76cda7,SIA302,3.7836,101.4858,10088.88,2026-03-27 19:02:22
76cda7,SIA302,3.8925,101.4037,10195.56,2026-03-27 19:03:23
76cda7,SIA302,3.9696,101.3628,10279.38,2026-03-27 19:04:24
76cda7,SIA302,3.9696,101.3628,10279.38,2026-03-27 19:05:24
76cda7,SIA302,3.9696,101.3628,10279.38,2026-03-27 19:06:25
76cda7,SIA302,3.9696,101.3628,10279.38,2026-03-27 19:07:26
76cda7,SIA302,3.9696,101.3628,10279.38,2026-03-27 19:08:27
800b14,N/A,3.8253,100.2179,10668.0,2026-03-27 19:17:34
800b14,IGO1005,3.7782,100.2661,10668.0,2026-03-27 19:18:35
800b14,IGO1005,3.6842,100.3618,10668.0,2026-03-27 19:19:36
800b14,IGO1005,3.6842,100.3618,10668.0,2026-03-27 19:20:37
896214,UAE9363,3.6206,100.7376,9144.0,2026-03-27 19:22:39
896214,UAE9363,3.6831,100.6525,9144.0,2026-03-27 19:23:40
896214,UAE9363,3.6831,100.6525,9144.0,2026-03-27 19:24:41
896214,UAE9363,3.6831,100.6525,9144.0,2026-03-27 19:25:42
896214,UAE9363,3.6831,100.6525,9144.0,2026-03-27 19:26:42
896214,UAE9363,3.6831,100.6525,9144.0,2026-03-27 19:27:43
76bcce,TGW60,3.9138,101.7813,10363.2,2026-03-27 19:52:03
76bcce,TGW60,3.996,101.7231,10355.58,2026-03-27 19:53:04
76bcce,TGW60,4.1382,101.6194,10355.58,2026-03-27 19:54:05
76bcce,TGW60,4.2324,101.5128,10355.58,2026-03-27 19:55:06
76bcce,TGW60,4.2338,101.511,10355.58,2026-03-27 19:56:07
76bcce,TGW60,4.2338,101.511,10355.58,2026-03-27 19:57:08
76bcce,TGW60,4.2338,101.511,10355.58,2026-03-27 19:58:08
76bcce,TGW60,4.2338,101.511,10355.58,2026-03-27 19:59:09
76bcce,TGW60,4.2338,101.511,10355.58,2026-03-27 20:00:10
8007cf,IGO1027,3.8877,101.4462,10668.0,2026-03-27 20:01:11
8007cf,IGO1027,3.7385,101.5315,10668.0,2026-03-27 20:02:12
8007cf,IGO1027,3.6332,101.5918,10675.62,2026-03-27 20:03:13
76cc75,SIA529,3.8087,100.2349,11277.6,2026-03-27 20:47:51
76cc75,SIA529,3.708,100.3376,11277.6,2026-03-27 20:48:52
76cc75,SIA529,3.6104,100.4371,11269.98,2026-03-27 20:49:53
76cdb2,SIA365,3.6985,100.9767,12496.8,2026-03-27 21:08:10
76cdb2,SIA365,3.6015,101.0657,12496.8,2026-03-27 21:09:11
8007cd,IGO1002,3.6388,100.7135,10363.2,2026-03-27 21:10:11
8007cd,IGO1002,3.7093,100.6172,10370.82,2026-03-27 21:11:12
8007cd,IGO1002,3.7686,100.5355,10363.2,2026-03-27 21:12:13
8007cd,IGO1002,3.7894,100.507,10363.2,2026-03-27 21:13:14
8007cd,IGO1002,3.7894,100.507,10363.2,2026-03-27 21:14:15
8007cd,IGO1002,3.7894,100.507,10363.2,2026-03-27 21:15:16
8007cd,IGO1002,3.7894,100.507,10363.2,2026-03-27 21:16:17
8007cd,IGO1002,3.7894,100.507,10363.2,2026-03-27 21:17:19
750458,AXM12,3.7956,100.2481,7559.04,2026-03-27 21:19:20
750458,AXM12,3.7134,100.3321,7246.62,2026-03-27 21:20:21
750458,AXM12,3.6706,100.3757,7086.6,2026-03-27 21:21:22
750458,AXM12,3.6706,100.3757,7086.6,2026-03-27 21:22:24
76cd05,N/A,3.866,101.1828,11887.2,2026-03-27 21:29:30
76cd05,SIA523,3.6899,101.2704,11887.2,2026-03-27 21:30:31
76b44f,N/A,3.8641,101.2247,11277.6,2026-03-27 21:33:34
76b44f,SIA517,3.7411,101.3108,11277.6,2026-03-27 21:34:34
76b44f,SIA517,3.6286,101.3897,11277.6,2026-03-27 21:35:35
76cdb6,N/A,3.8264,101.2024,12496.8,2026-03-27 21:35:35
76cdb6,SIA309,3.7033,101.2635,12496.8,2026-03-27 21:36:36
76cc6d,SIA441,3.8002,101.2623,11269.98,2026-03-27 21:39:39
76cc6d,SIA441,3.6633,101.3195,11277.6,2026-03-27 21:40:40
750543,XAX123,3.6201,100.7278,8260.08,2026-03-27 21:40:40
80155f,AIC2145,3.6514,101.2908,10058.4,2026-03-27 21:41:40
76cd0f,SIA511,3.8161,100.2273,11887.2,2026-03-27 21:47:46
750222,MAS181,3.8159,100.2273,9875.52,2026-03-27 21:48:47
76cd0f,SIA511,3.7126,100.3328,11887.2,2026-03-27 21:48:47
750222,MAS181,3.7309,100.3138,9372.6,2026-03-27 21:49:47
76cd0f,SIA511,3.613,100.4345,11887.2,2026-03-27 21:49:47
750222,MAS181,3.6864,100.3591,9098.28,2026-03-27 21:50:48
750244,N/A,3.6323,101.4728,10668.0,2026-03-27 21:55:52
76cdc2,N/A,3.8324,101.1991,10668.0,2026-03-27 21:56:53
76cdc2,SIA305,3.6595,101.2866,10668.0,2026-03-27 21:57:54
76cd0d,SIA505,3.8235,101.2034,11887.2,2026-03-27 22:00:57
76cd0d,SIA505,3.7148,101.2571,11887.2,2026-03-27 22:01:58
750111,AXM6115,3.7003,100.5033,8221.98,2026-03-27 22:08:03
750111,AXM6115,3.6251,100.5205,8229.6,2026-03-27 22:09:03
8014b3,IGO1032,3.6099,100.8527,7749.54,2026-03-27 22:10:04
750413,AXM68,3.6851,100.4958,9060.18,2026-03-27 22:10:04
8014b3,IGO1032,3.6099,100.8527,7749.54,2026-03-27 22:11:05
750413,AXM68,3.6239,100.5134,8923.02,2026-03-27 22:11:05
8014b3,IGO1032,3.8166,100.6803,8983.98,2026-03-27 22:12:06
8014b3,IGO1032,3.8166,100.6803,8983.98,2026-03-27 22:13:07
8014b3,IGO1032,3.8166,100.6803,8983.98,2026-03-27 22:14:07
8014b3,IGO1032,3.8166,100.6803,8983.98,2026-03-27 22:15:08
800b14,IGO1006,3.6608,100.6838,10363.2,2026-03-27 22:25:16
800b14,IGO1006,3.7246,100.596,10363.2,2026-03-27 22:26:17
800b14,IGO1006,3.8046,100.486,10363.2,2026-03-27 22:27:18
800b14,IGO1006,3.8046,100.486,10363.2,2026-03-27 22:28:19
800b14,IGO1006,3.8046,100.486,10363.2,2026-03-27 22:29:20
800441,AIC346,3.73,100.4404,10058.4,2026-03-27 22:30:21
800b14,IGO1006,3.8046,100.486,10363.2,2026-03-27 22:30:21
800441,AIC346,3.6886,100.4887,10058.4,2026-03-27 22:31:21
800b14,IGO1006,3.8046,100.486,10363.2,2026-03-27 22:31:21
800b14,IGO1006,3.8046,100.486,10363.2,2026-03-27 22:32:22
76cd72,SIA423,3.823,100.3319,11887.2,2026-03-27 22:33:23
76cd72,SIA423,3.726,100.445,11887.2,2026-03-27 22:34:24
76cd72,SIA423,3.6395,100.5459,11887.2,2026-03-27 22:35:25
76cd72,SIA423,3.6006,100.5912,11887.2,2026-03-27 22:36:25
75026b,XAX183,3.676,100.5091,8641.08,2026-03-27 22:37:26
750494,AXM11,3.6382,100.4987,7566.66,2026-03-27 22:37:26
75026b,XAX183,3.6165,100.524,8488.68,2026-03-27 22:38:27
750494,AXM11,3.7207,100.4061,7901.94,2026-03-27 22:38:27
750260,N/A,3.796,100.2334,10256.52,2026-03-27 22:39:28
750494,AXM11,3.769,100.3519,7924.8,2026-03-27 22:39:28
750260,MAS195,3.7032,100.3325,9860.28,2026-03-27 22:40:29
750494,AXM11,3.769,100.3519,7924.8,2026-03-27 22:40:29
750260,MAS195,3.6857,100.3512,9753.6,2026-03-27 22:41:30
750494,AXM11,3.769,100.3519,7924.8,2026-03-27 22:41:30
750260,MAS195,3.6857,100.3512,9753.6,2026-03-27 22:42:30
750494,AXM11,3.769,100.3519,7924.8,2026-03-27 22:42:30
750494,AXM11,3.769,100.3519,7924.8,2026-03-27 22:43:31
8007cf,IGO1030,3.6325,100.7229,10980.42,2026-03-27 22:45:33
7500c8,XAX109,3.6587,100.486,8839.2,2026-03-27 22:45:33
8007cf,IGO1030,3.6997,100.6305,10980.42,2026-03-27 22:46:34
7500c8,XAX109,3.6021,100.483,8839.2,2026-03-27 22:46:34
8007cf,IGO1030,3.7744,100.5279,10972.8,2026-03-27 22:47:34
7504fe,AXM93,3.6893,100.4952,9364.98,2026-03-27 22:47:34
8007cf,IGO1030,3.8025,100.4892,10972.8,2026-03-27 22:48:35
8007cf,IGO1030,3.8025,100.4892,10972.8,2026-03-27 22:49:36
76cd43,SIA351,3.723,101.253,11887.2,2026-03-27 22:49:36
76bccc,TGW579,3.7858,100.2582,11879.58,2026-03-27 22:49:36
8007cf,IGO1030,3.8025,100.4892,10972.8,2026-03-27 22:50:37
76bccc,TGW579,3.6989,100.3468,11879.58,2026-03-27 22:50:37
8007cf,IGO1030,3.8025,100.4892,10972.8,2026-03-27 22:51:39
76bccc,TGW579,3.6055,100.4421,11879.58,2026-03-27 22:51:39
8007cf,IGO1030,3.8025,100.4892,10972.8,2026-03-27 22:52:42
7503ab,MAS193,3.6797,100.5219,9090.66,2026-03-27 22:54:43
7503ab,N/A,3.6165,101.7146,5821.68,2026-03-27 23:06:53
76cda9,N/A,3.8573,101.042,12496.8,2026-03-27 23:11:57
76cda9,SIA387,3.7508,101.1258,12496.8,2026-03-27 23:12:58
76cda9,SIA387,3.6479,101.2069,12496.8,2026-03-27 23:13:59
896186,UAE314,3.7878,100.2563,12496.8,2026-03-27 23:23:06
896186,UAE314,3.6967,100.3492,12496.8,2026-03-27 23:24:07
896186,UAE314,3.6216,100.4258,12496.8,2026-03-27 23:25:08
750518,AXM854,3.8196,101.4213,6690.36,2026-03-27 23:32:14
750465,AXM818,3.6203,101.4428,5676.9,2026-03-27 23:33:14
750518,AXM854,3.8196,101.4213,6690.36,2026-03-27 23:33:14
750465,AXM818,3.6203,101.4428,5676.9,2026-03-27 23:34:15
750518,AXM854,3.8196,101.4213,6690.36,2026-03-27 23:34:15
750465,AXM818,3.6203,101.4428,5676.9,2026-03-27 23:35:16
750518,AXM854,3.8196,101.4213,6690.36,2026-03-27 23:35:16
750465,AXM818,3.6203,101.4428,5676.9,2026-03-27 23:36:17
750518,AXM854,3.8196,101.4213,6690.36,2026-03-27 23:36:17
750465,AXM818,3.6203,101.4428,5676.9,2026-03-27 23:37:18
750465,AXM818,3.6203,101.4428,5676.9,2026-03-27 23:38:19
750465,AXM818,3.6203,101.4428,5676.9,2026-03-27 23:39:20
8014dd,AIC2105,3.8389,100.3012,10058.4,2026-03-27 23:42:23
8014dd,AIC2105,3.7457,100.4108,10058.4,2026-03-27 23:43:24
8014dd,AIC2105,3.661,100.5104,10058.4,2026-03-27 23:44:25
76b443,SIA724,3.642,101.719,10980.42,2026-03-27 23:44:25
7504aa,AXM6020,3.6122,101.0122,6972.3,2026-03-27 23:44:25
76b443,SIA724,3.7601,101.6519,10980.42,2026-03-27 23:45:26
7504aa,AXM6020,3.6122,101.0122,6972.3,2026-03-27 23:45:26
800737,N/A,3.8331,101.2489,11277.6,2026-03-27 23:46:27
76b443,SIA724,3.8697,101.5895,10980.42,2026-03-27 23:46:27
7504aa,AXM6020,3.6122,101.0122,6972.3,2026-03-27 23:46:27
800737,N/A,3.7073,101.3054,11269.98,2026-03-27 23:47:27
76b443,SIA724,3.9865,101.5232,10980.42,2026-03-27 23:47:27
7504aa,AXM6020,3.6122,101.0122,6972.3,2026-03-27 23:47:27
76b443,SIA724,4.095,101.4615,10980.42,2026-03-27 23:48:28
7504aa,AXM6020,3.6122,101.0122,6972.3,2026-03-27 23:48:28
76b443,SIA724,4.1361,101.4381,10980.42,2026-03-27 23:49:29
76b443,SIA724,4.215,101.3932,10980.42,2026-03-27 23:50:30
76b443,SIA724,4.215,101.3932,10980.42,2026-03-27 23:51:31
76b443,SIA724,4.215,101.3932,10980.42,2026-03-27 23:52:32
76cd0a,SIA524,3.6609,100.7956,12192.0,2026-03-27 23:53:33
76b443,SIA724,4.215,101.3932,10980.42,2026-03-27 23:53:33
76cd0a,SIA524,3.6609,100.7956,12192.0,2026-03-27 23:54:34
76b443,SIA724,4.215,101.3932,10980.42,2026-03-27 23:54:34
76cd0a,SIA524,3.6609,100.7956,12192.0,2026-03-27 23:55:35
76cd0a,SIA524,3.6609,100.7956,12192.0,2026-03-27 23:56:36
76cd0a,SIA524,3.6609,100.7956,12192.0,2026-03-27 23:57:36
76cd0a,SIA524,3.6609,100.7956,12192.0,2026-03-27 23:58:39
4bb0e6,THY208,3.8124,101.2088,11887.2,2026-03-28 00:10:49
4bb0e6,THY208,3.6598,101.2863,11887.2,2026-03-28 00:11:50
3965b0,AFR257,3.6597,100.6847,9144.0,2026-03-28 00:15:53
3965b0,AFR257,3.7322,100.585,9144.0,2026-03-28 00:16:54
3965b0,AFR257,3.7322,100.585,9144.0,2026-03-28 00:17:55
3965b0,AFR257,3.7322,100.585,9144.0,2026-03-28 00:18:56
3965b0,AFR257,3.7322,100.585,9144.0,2026-03-28 00:19:57
3965b0,AFR257,3.7322,100.585,9144.0,2026-03-28 00:20:58
75022b,AXM6172,3.6164,101.4738,10972.8,2026-03-28 00:25:01
75022b,AXM6172,3.6879,101.3818,10980.42,2026-03-28 00:26:02
7500e4,AXM6131,3.6066,100.7195,7680.96,2026-03-28 09:15:48
76b441,SIA731,3.7316,101.5438,10668.0,2026-03-28 09:16:49
76b441,SIA731,3.6364,101.6295,10668.0,2026-03-28 09:17:50
75049f,AXM860,3.7165,101.3658,8442.96,2026-03-28 09:25:16
75049f,AXM860,3.7283,101.362,8488.68,2026-03-28 09:26:17
75049f,AXM860,3.7283,101.362,8488.68,2026-03-28 09:27:19
75049f,AXM860,3.7283,101.362,8488.68,2026-03-28 09:28:20
7c4922,N/A,3.793,101.2186,11894.82,2026-03-28 09:29:21
75049f,AXM860,3.7283,101.362,8488.68,2026-03-28 09:29:21
7c4922,QFA2,3.7087,101.2605,11887.2,2026-03-29 01:30:00
75049f,AXM860,3.7283,101.362,8488.68,2026-03-29 01:30:00
4b1918,SWR176,3.6087,100.9746,10668.0,2026-03-29 01:30:00
880856,N/A,3.6993,100.5031,8602.98,2026-03-28 09:34:49
750422,MXD135,3.7169,100.606,7254.24,2026-03-28 17:46:01
750422,MXD135,3.7169,100.606,7254.24,2026-03-28 17:47:02
750422,MXD135,3.7169,100.606,7254.24,2026-03-28 17:48:03
8007cf,IGO1028,3.7098,100.9216,10965.18,2026-03-28 19:35:13
7501fc,N/A,3.7228,101.7158,5981.7,2026-03-28 19:35:13
8007cf,IGO1028,3.7098,100.9216,10965.18,2026-03-28 19:36:14
7501fc,AXM887,3.7005,101.7044,5913.12,2026-03-28 19:36:14
76b445,SIA142,3.6045,101.0717,10363.2,2026-03-28 19:54:16
76b451,SIA740,3.7993,101.3587,11582.4,2026-03-28 19:54:16
750480,AXM5325,3.8976,101.4157,10980.42,2026-03-28 19:54:16
76b445,SIA142,3.6156,101.0566,10332.72,2026-03-28 19:55:17
750480,AXM5325,3.8976,101.4157,10980.42,2026-03-28 19:55:17
76b445,SIA142,3.6156,101.0566,10332.72,2026-03-28 19:56:18
750480,AXM5325,3.8976,101.4157,10980.42,2026-03-28 19:56:18
76b445,SIA142,3.6156,101.0566,10332.72,2026-03-28 19:57:19
750480,AXM5325,3.8976,101.4157,10980.42,2026-03-28 19:57:19
76b445,SIA142,3.6156,101.0566,10332.72,2026-03-28 19:58:20
76b445,SIA142,3.6156,101.0566,10332.72,2026-03-28 19:59:22
7c6bbf,JST27,4.0172,101.7879,13098.78,2026-03-28 19:59:22
7501fd,AXM6015,3.6562,100.5135,8511.54,2026-03-28 20:00:23
7c6bbf,JST27,4.0879,101.6783,13106.4,2026-03-28 20:00:23
7c6bbf,JST27,4.3441,101.3938,13106.4,2026-03-28 20:03:09
7c6bbf,JST27,4.4289,101.3015,13106.4,2026-03-28 20:04:11
7c6bbf,JST27,4.4289,101.3015,13106.4,2026-03-28 20:08:13
7c6bbf,JST27,4.4289,101.3015,13106.4,2026-03-28 20:09:14
8963db,N/A,3.8116,100.2319,11277.6,2026-03-28 20:16:58
8963db,UAE352,3.7745,100.2698,11277.6,2026-03-28 20:17:59
8963db,UAE352,3.6865,100.3596,11277.6,2026-03-28 20:19:00
7500e4,AXM6133,3.6362,100.7302,8229.6,2026-03-28 20:19:00
8963db,UAE352,3.6865,100.3596,11277.6,2026-03-28 20:20:01
8a0a0f,AWQ247,3.6709,100.5098,10675.62,2026-03-28 20:25:00
80145a,AIC2108,3.6136,100.9963,10370.82,2026-03-28 20:27:02
7801c2,HKE716,3.6324,101.7994,6705.6,2026-03-28 20:28:03
80145a,AIC2108,3.6136,100.9963,10370.82,2026-03-28 20:28:03
750413,AXM13,3.8058,100.425,9288.78,2026-03-28 22:11:46
750413,AXM13,3.8058,100.425,9288.78,2026-03-28 22:12:47
7504fd,N/A,3.7622,100.5152,8229.6,2026-03-28 22:12:47
750413,AXM13,3.8058,100.425,9288.78,2026-03-28 22:13:48
7504fd,AXM9121,3.6334,100.6132,7978.14,2026-03-28 22:13:48
750413,AXM13,3.8058,100.425,9288.78,2026-03-28 22:14:49
750413,AXM13,3.8058,100.425,9288.78,2026-03-28 22:15:51
75020d,MAS208,3.7341,100.4153,8039.1,2026-03-28 23:25:04
75020d,MAS208,3.7341,100.4153,8039.1,2026-03-28 23:26:05
75020d,MAS208,3.7341,100.4153,8039.1,2026-03-28 23:27:06
75020d,MAS208,3.7341,100.4153,8039.1,2026-03-28 23:28:07
75020d,MAS208,3.7341,100.4153,8039.1,2026-03-28 23:29:09
75020d,MAS208,3.7341,100.4153,8039.1,2026-03-28 23:30:10
750333,N/A,3.6481,100.7472,8221.98,2026-03-28 23:30:10
7c6bbf,JST28,3.8382,101.1108,11277.6,2026-03-28 23:37:17
7c6bbf,JST28,3.6959,101.1866,11269.98,2026-03-28 23:38:18
8007cd,IGO1004,3.6344,100.8442,10972.8,2026-03-28 23:41:22
8007cd,IGO1004,3.6344,100.8442,10972.8,2026-03-28 23:42:23
8007cd,IGO1004,3.6344,100.8442,10972.8,2026-03-28 23:43:24
800cfe,AIC2383,3.882,101.766,10363.2,2026-03-28 23:43:24
8007cd,IGO1004,3.6344,100.8442,10972.8,2026-03-28 23:44:25
800cfe,AIC2383,4.0041,101.6829,10363.2,2026-03-28 23:44:25
8007cd,IGO1004,3.6344,100.8442,10972.8,2026-03-28 23:45:26
800cfe,AIC2383,4.0943,101.6215,10363.2,2026-03-28 23:45:26
394a04,AFR257,3.6017,101.7279,9144.0,2026-03-28 23:46:27
800cfe,AIC2383,4.2057,101.5455,10363.2,2026-03-28 23:46:27
394a04,AFR257,3.7339,101.6799,9144.0,2026-03-28 23:47:28
800cfe,AIC2383,4.3061,101.4772,10363.2,2026-03-28 23:47:28
394a04,AFR257,3.8699,101.6313,9136.38,2026-03-28 23:48:29
800cfe,AIC2383,4.378,101.4355,10355.58,2026-03-28 23:48:29
394a04,AFR257,3.9576,101.6007,9144.0,2026-03-28 23:49:30
800cfe,AIC2383,4.378,101.4355,10355.58,2026-03-28 23:49:30
394a04,AFR257,4.1211,101.5455,9144.0,2026-03-28 23:50:32
800cfe,AIC2383,4.378,101.4355,10355.58,2026-03-28 23:50:32
394a04,AFR257,4.1211,101.5455,9144.0,2026-03-28 23:51:33
800cfe,AIC2383,4.378,101.4355,10355.58,2026-03-28 23:51:33
394a04,AFR257,4.1211,101.5455,9144.0,2026-03-28 23:52:34
800cfe,AIC2383,4.378,101.4355,10355.58,2026-03-28 23:52:34
394a04,AFR257,4.1211,101.5455,9144.0,2026-03-28 23:53:35
800cfe,AIC2383,4.378,101.4355,10355.58,2026-03-28 23:53:35
394a04,AFR257,4.1211,101.5455,9144.0,2026-03-28 23:54:36
4b1918,SWR177,3.7372,101.5313,9144.0,2026-03-29 00:22:05
406f77,BAW34,3.7148,100.609,6545.58,2026-03-29 00:23:06
4b1918,SWR177,3.8849,101.5049,9144.0,2026-03-29 00:23:06
406f77,BAW34,3.7148,100.609,6545.58,2026-03-29 00:24:07
4b1918,SWR177,3.8939,101.5033,9144.0,2026-03-29 00:24:07
406f77,BAW34,3.7148,100.609,6545.58,2026-03-29 00:25:08
4b1918,SWR177,3.8939,101.5033,9144.0,2026-03-29 00:25:08
406f77,BAW34,3.7148,100.609,6545.58,2026-03-29 00:26:09
4b1918,SWR177,3.8939,101.5033,9144.0,2026-03-29 00:26:09
406f77,BAW34,3.7148,100.609,6545.58,2026-03-29 00:27:10
4b1918,SWR177,3.8939,101.5033,9144.0,2026-03-29 00:27:10
710411,SVA840,3.615,100.4323,8892.54,2026-03-29 00:33:24
76cda1,SIA378,3.6266,101.5723,9243.06,2026-03-29 00:44:37
76cda1,SIA378,3.7476,101.5528,9357.36,2026-03-29 00:45:38
76cda1,SIA378,3.8593,101.5339,9448.8,2026-03-29 00:46:39
76cda1,SIA378,4.0512,101.5026,9662.16,2026-03-29 00:47:40
76ceec,SIA26,3.6919,101.6801,9144.0,2026-03-29 00:47:40
76cda1,SIA378,4.1343,101.49,9822.18,2026-03-29 00:48:42
76ceec,SIA26,3.8346,101.6422,9144.0,2026-03-29 00:48:42
76cda1,SIA378,4.1343,101.49,9822.18,2026-03-29 00:49:43
76ceec,SIA26,3.9577,101.61,9144.0,2026-03-29 00:49:43
76cda1,SIA378,4.1343,101.49,9822.18,2026-03-29 00:50:44
76ceec,SIA26,4.109,101.5695,9144.0,2026-03-29 00:50:44
76cda1,SIA378,4.1343,101.49,9822.18,2026-03-29 00:51:45
76ceec,SIA26,4.1175,101.5673,9144.0,2026-03-29 00:51:45
76cda1,SIA378,4.1343,101.49,9822.18,2026-03-29 00:52:46
76ceec,SIA26,4.1175,101.5673,9144.0,2026-03-29 00:52:46
76cda1,SIA378,4.1343,101.49,9822.18,2026-03-29 00:53:47
76ceec,SIA26,4.1175,101.5673,9144.0,2026-03-29 00:53:47
76ceec,SIA26,4.1175,101.5673,9144.0,2026-03-29 00:54:49
76ceec,SIA26,4.1175,101.5673,9144.0,2026-03-29 00:55:50
3c670c,DLH769,3.6508,101.6618,9806.94,2026-03-29 01:00:56
3c4ad7,DLH781,3.6733,101.5335,8534.4,2026-03-29 01:01:57
3c670c,DLH769,3.7698,101.5964,9928.86,2026-03-29 01:01:57
3c4ad7,DLH781,3.8073,101.5087,8534.4,2026-03-29 01:02:58
3c670c,DLH769,3.901,101.5381,10126.98,2026-03-29 01:02:58
3c4ad7,DLH781,3.9136,101.4886,8534.4,2026-03-29 01:03:59
3c670c,DLH769,4.0345,101.4937,10264.14,2026-03-29 01:03:59
3c4ad7,DLH781,3.9136,101.4886,8534.4,2026-03-29 01:05:00
3c670c,DLH769,4.1459,101.4574,10401.3,2026-03-29 01:05:00
3c4ad7,DLH781,3.9136,101.4886,8534.4,2026-03-29 01:06:01
3c670c,DLH769,4.1459,101.4574,10401.3,2026-03-29 01:06:01
3c4ad7,DLH781,3.9136,101.4886,8534.4,2026-03-29 01:07:03
3c670c,DLH769,4.1459,101.4574,10401.3,2026-03-29 01:07:03
3c4ad7,DLH781,3.9136,101.4886,8534.4,2026-03-29 01:08:04
3c670c,DLH769,4.1459,101.4574,10401.3,2026-03-29 01:08:04
76ceef,SIA336,3.9946,101.7512,9144.0,2026-03-29 01:08:04
3c4ad7,DLH781,3.9136,101.4886,8534.4,2026-03-29 01:09:05
3c670c,DLH769,4.1459,101.4574,10401.3,2026-03-29 01:09:05
76ceef,SIA336,3.9946,101.7512,9144.0,2026-03-29 01:09:05
3c670c,DLH769,4.1459,101.4574,10401.3,2026-03-29 01:10:06
76ceef,SIA336,3.9946,101.7512,9144.0,2026-03-29 01:10:06
76ceef,SIA336,3.9946,101.7512,9144.0,2026-03-29 01:11:07
76ceef,SIA336,3.9946,101.7512,9144.0,2026-03-29 01:12:08
76ceef,SIA336,3.9946,101.7512,9144.0,2026-03-29 01:13:09
76bccc,TGW50,3.878,101.7183,10965.18,2026-03-29 02:01:17
76bccc,TGW50,3.9927,101.6441,10965.18,2026-03-29 02:02:18
76bccc,TGW50,4.1025,101.5731,10965.18,2026-03-29 02:03:19
76bccc,TGW50,4.1912,101.5163,10972.8,2026-03-29 02:04:20
896182,UAE7Q,3.6013,100.5716,6545.58,2026-03-29 02:05:21
76bccc,TGW50,4.2413,101.4975,10972.8,2026-03-29 02:05:21
896182,UAE7Q,3.6879,100.4713,6819.9,2026-03-29 02:06:22
76bccc,TGW50,4.3814,101.4649,10965.18,2026-03-29 02:06:22
896182,UAE7Q,3.737,100.4144,6926.58,2026-03-29 02:07:23
76bccc,TGW50,4.3814,101.4649,10965.18,2026-03-29 02:07:23
896182,UAE7Q,3.737,100.4144,6926.58,2026-03-29 02:08:24
76bccc,TGW50,4.3814,101.4649,10965.18,2026-03-29 02:08:24
896182,UAE7Q,3.737,100.4144,6926.58,2026-03-29 02:09:25
76bccc,TGW50,4.3814,101.4649,10965.18,2026-03-29 02:09:25
896182,UAE7Q,3.737,100.4144,6926.58,2026-03-29 02:10:27
76bccc,TGW50,4.3814,101.4649,10965.18,2026-03-29 02:10:27
896182,UAE7Q,3.737,100.4144,6926.58,2026-03-29 02:11:28
8014dc,N/A,3.8736,100.049,10660.38,2026-03-29 03:23:06
8014dc,N/A,3.768,100.1568,10660.38,2026-03-29 03:24:07
8014dc,N/A,3.7578,100.1672,10660.38,2026-03-29 03:25:09
8014dc,N/A,3.7578,100.1672,10660.38,2026-03-29 03:26:10
8016bf,IGO1027,3.8696,100.0451,11269.98,2026-03-29 03:42:27
8016bf,IGO1027,3.7865,100.1203,11269.98,2026-03-29 03:43:28
8016bf,IGO1027,3.7783,100.1278,11269.98,2026-03-29 03:44:29
8016bf,IGO1027,3.7783,100.1278,11269.98,2026-03-29 03:45:31
8014b3,IGO1031,3.649,100.017,8229.6,2026-03-29 03:51:37
8014b3,IGO1031,3.6118,100.078,8229.6,2026-03-29 03:52:38
3c5642,N/A,4.0592,101.4184,11277.6,2026-03-29 04:00:48
3c5642,BOX546,3.9026,101.4981,11277.6,2026-03-29 04:01:49
3c5642,BOX546,3.7873,101.5571,11277.6,2026-03-29 04:02:50
3c5642,BOX546,3.6615,101.6262,11277.6,2026-03-29 04:03:51
76cef4,SIA345,3.8606,100.6028,10668.0,2026-03-29 04:21:11
76cef4,SIA345,3.8606,100.6028,10668.0,2026-03-29 04:22:12
89631d,UAE9616,3.609,100.1274,10668.0,2026-03-29 04:51:46
4bb102,THY175,3.6215,101.7943,5242.56,2026-03-29 04:52:47
76cc79,SIA529,3.8058,100.0219,11269.98,2026-03-29 04:52:47
4bb102,THY175,3.6215,101.7943,5242.56,2026-03-29 04:53:49
76cc79,SIA529,3.8058,100.0219,11269.98,2026-03-29 04:53:49
4bb102,THY175,3.6215,101.7943,5242.56,2026-03-29 04:54:50
4bb102,THY175,3.6215,101.7943,5242.56,2026-03-29 04:55:51
76cd74,SIA403,3.9051,101.5117,11887.2,2026-03-29 04:55:51
4bb102,THY175,3.6215,101.7943,5242.56,2026-03-29 04:56:52
76cd74,SIA403,3.7984,101.5868,11887.2,2026-03-29 04:56:52
76cd74,SIA403,3.6739,101.6745,11887.2,2026-03-29 04:57:53
76cd0b,SIA523,3.9737,101.4698,11887.2,2026-03-29 05:02:59
76cd0b,SIA523,3.8524,101.5435,11887.2,2026-03-29 05:04:00
76cd0b,SIA523,3.7401,101.6018,11887.2,2026-03-29 05:05:02
76cd0b,SIA523,3.6006,101.6755,11887.2,2026-03-29 05:06:03
76d1cc,TGW587,3.6861,101.5612,10066.02,2026-03-29 05:06:03
80183a,IGO1002,3.6262,100.5732,10957.56,2026-03-29 05:07:04
76b452,SIA441,4.2321,101.5167,11277.6,2026-03-29 05:07:04
80183a,IGO1002,3.6777,100.461,10957.56,2026-03-29 05:08:05
76b452,SIA441,4.1427,101.6106,11277.6,2026-03-29 05:08:05
80183a,IGO1002,3.7165,100.325,10965.18,2026-03-29 05:09:06
76b452,SIA441,4.0213,101.6881,11277.6,2026-03-29 05:09:06
80183a,IGO1002,3.7515,100.2743,10980.42,2026-03-29 05:10:07
76b452,SIA441,3.911,101.7569,11277.6,2026-03-29 05:10:07
80183a,IGO1002,3.8614,100.1229,10972.8,2026-03-29 05:11:08
80183a,IGO1002,3.8895,100.0842,10972.8,2026-03-29 05:12:09
80183a,IGO1002,3.8895,100.0842,10972.8,2026-03-29 05:13:10
80183a,IGO1002,3.8895,100.0842,10972.8,2026-03-29 05:14:11
76cd05,SIA511,3.8009,100.1956,11277.6,2026-03-29 05:14:11
80183a,IGO1002,3.8895,100.0842,10972.8,2026-03-29 05:15:13
76cd05,SIA511,3.704,100.3097,11277.6,2026-03-29 05:15:13
80183a,IGO1002,3.8895,100.0842,10972.8,2026-03-29 05:16:14
76cd05,SIA511,3.6251,100.4027,11277.6,2026-03-29 05:16:14
750413,N/A,3.7164,100.2615,7170.42,2026-03-29 05:23:23
750413,N/A,3.6563,100.3417,7040.88,2026-03-29 05:24:24
750413,N/A,3.648,100.3528,7018.02,2026-03-29 05:25:25
76cee7,SIA335,3.9102,101.4947,10668.0,2026-03-29 05:31:35
76cee7,SIA335,3.7851,101.5619,10668.0,2026-03-29 05:32:36
76cee7,SIA335,3.6776,101.6187,10668.0,2026-03-29 05:33:37
76cd01,SIA517,4.2544,101.4511,11887.2,2026-03-29 05:37:41
76cd01,SIA517,4.1265,101.5218,11887.2,2026-03-29 05:38:43
76cd01,SIA517,4.0124,101.5849,11887.2,2026-03-29 05:39:44
76cd01,SIA517,3.8793,101.6586,11887.2,2026-03-29 05:40:45
76cd01,SIA517,3.7699,101.7192,11894.82,2026-03-29 05:41:46
76cd01,SIA517,3.6461,101.7878,11887.2,2026-03-29 05:42:47
750220,MAS181,3.7718,100.2719,8732.52,2026-03-29 05:43:48
750220,MAS181,3.6847,100.3612,8404.86,2026-03-29 05:44:49
8014b3,IGO1032,3.622,100.5456,8427.72,2026-03-29 06:00:07
8014b3,IGO1032,3.7138,100.4392,8785.86,2026-03-29 06:01:09
8014b3,IGO1032,3.7626,100.3828,8976.36,2026-03-29 06:02:10
8014b3,IGO1032,3.7626,100.3828,8976.36,2026-03-29 06:03:11
8014b3,IGO1032,3.7626,100.3828,8976.36,2026-03-29 06:04:12
8014b3,IGO1032,3.9481,100.128,9738.36,2026-03-29 06:05:13
8014b3,IGO1032,3.9481,100.128,9738.36,2026-03-29 06:06:15
8014b3,IGO1032,3.9481,100.128,9738.36,2026-03-29 06:07:16
8014b3,IGO1032,3.9481,100.128,9738.36,2026-03-29 06:08:17
8014b3,IGO1032,3.9481,100.128,9738.36,2026-03-29 06:09:18
76cd11,SIA505,3.9294,101.3093,11887.2,2026-03-29 06:11:20
76cd11,SIA505,3.789,101.3453,11887.2,2026-03-29 06:12:22
8014dc,IGO1006,3.6186,100.3812,11590.02,2026-03-29 06:13:23
8014dd,N/A,3.9963,101.4315,10066.02,2026-03-29 06:13:23
76cd11,SIA505,3.6517,101.3837,11887.2,2026-03-29 06:13:23
8014dc,IGO1006,3.6754,100.3039,11582.4,2026-03-29 06:14:24
8014dd,AIC2380,3.8852,101.4926,10050.78,2026-03-29 06:14:24
8014dc,IGO1006,3.7791,100.1602,11590.02,2026-03-29 06:15:25
8014dd,AIC2380,3.762,101.5603,10058.4,2026-03-29 06:15:25
8014dc,IGO1006,3.8127,100.1133,11590.02,2026-03-29 06:16:26
8014dd,AIC2380,3.6427,101.6256,10050.78,2026-03-29 06:16:26
750209,N/A,3.6713,100.7173,8488.68,2026-03-29 06:23:34
750262,MAS191,3.7552,101.7775,7040.88,2026-03-29 06:23:34
76cdba,SIA303,3.669,100.6425,11887.2,2026-03-29 06:24:35
75020a,MAS199,3.7169,100.5462,9304.02,2026-03-29 06:25:36
75020a,MAS199,3.6306,100.6205,8938.26,2026-03-29 06:26:37
75044c,MAS21,3.928,101.7305,8763.0,2026-03-29 06:27:38
750494,AXM11,3.6247,100.2965,8077.2,2026-03-29 06:28:39
75044c,MAS21,3.8154,101.7358,8481.06,2026-03-29 06:28:39
750494,AXM11,3.6584,100.2468,8260.08,2026-03-29 06:29:40
75044c,MAS21,3.6814,101.7446,8138.16,2026-03-29 06:29:40
750494,AXM11,3.7774,100.0717,8839.2,2026-03-29 06:30:41
75056b,N/A,3.8409,101.6915,7437.12,2026-03-29 06:30:41
75056b,MXD2105,3.7275,101.6988,7101.84,2026-03-29 06:31:43
75056b,MXD2105,3.635,101.6546,6804.66,2026-03-29 06:32:44
75056b,MXD2105,3.6021,101.6355,6705.6,2026-03-29 06:33:45
750449,MAS3,3.8055,101.724,8130.54,2026-03-29 06:37:50
750449,MAS3,3.6967,101.7316,7848.6,2026-03-29 06:38:51
750449,MAS3,3.6988,101.763,7543.8,2026-03-29 06:42:56
750449,MAS3,3.6379,101.6879,7239.0,2026-03-29 06:43:57
750449,MAS3,3.616,101.6498,7094.22,2026-03-29 06:44:58
750449,MAS3,3.616,101.6498,7094.22,2026-03-29 06:45:59
750449,MAS3,3.616,101.6498,7094.22,2026-03-29 06:47:01
76bccd,TGW750,4.1306,101.6258,12192.0,2026-03-29 06:47:01
750449,MAS3,3.616,101.6498,7094.22,2026-03-29 06:48:02
76bccd,TGW750,4.2181,101.5164,12184.38,2026-03-29 06:48:02
750449,MAS3,3.616,101.6498,7094.22,2026-03-29 06:49:03
76bccd,TGW750,4.3043,101.4083,12192.0,2026-03-29 06:49:03
76bccd,TGW750,4.3112,101.3995,12192.0,2026-03-29 06:50:05
76bccd,TGW750,4.3112,101.3995,12192.0,2026-03-29 06:51:06
76bccd,TGW750,4.3112,101.3995,12192.0,2026-03-29 06:52:07
76cd7a,SIA423,3.7714,100.273,11887.2,2026-03-29 06:53:08
76bccd,TGW750,4.3112,101.3995,12192.0,2026-03-29 06:53:08
76cd7a,SIA423,3.708,100.3376,11887.2,2026-03-29 06:54:10
75047c,AXM890,3.7455,101.37,5798.82,2026-03-29 06:54:10
76bccd,TGW750,4.3112,101.3995,12192.0,2026-03-29 06:54:10
76cd7a,SIA423,3.606,100.4416,11887.2,2026-03-29 06:55:11
75047c,AXM890,3.7455,101.37,5798.82,2026-03-29 06:55:11
750552,MAS119,3.636,101.7902,5768.34,2026-03-29 06:55:11
75047c,AXM890,3.7455,101.37,5798.82,2026-03-29 06:56:12
75047c,AXM890,3.7455,101.37,5798.82,2026-03-29 06:57:13
75033d,AXM6124,3.6706,100.6233,8542.02,2026-03-29 06:58:14
75047c,AXM890,3.7455,101.37,5798.82,2026-03-29 06:58:14
75033d,AXM6124,3.7375,100.577,8511.54,2026-03-29 06:59:15
75047c,AXM890,3.7455,101.37,5798.82,2026-03-29 06:59:15
75033d,AXM6124,3.7375,100.577,8511.54,2026-03-29 07:00:16
75047c,AXM890,3.7455,101.37,5798.82,2026-03-29 07:00:16
8a0579,GIA089,4.238,101.584,11277.6,2026-03-29 07:01:18
75033d,AXM6124,3.7375,100.577,8511.54,2026-03-29 07:01:18
8a0579,GIA089,4.1071,101.6485,11277.6,2026-03-29 07:02:19
750238,FFM2720,3.7441,101.7142,6957.06,2026-03-29 07:02:19
75033d,AXM6124,3.7375,100.577,8511.54,2026-03-29 07:02:19
8a0579,GIA089,3.9837,101.7093,11277.6,2026-03-29 07:03:20
750238,FFM2720,3.8499,101.7641,7475.22,2026-03-29 07:03:20
75033d,AXM6124,3.7375,100.577,8511.54,2026-03-29 07:03:20
8a0579,GIA089,3.8657,101.7673,11277.6,2026-03-29 07:04:21
750238,FFM2720,3.8499,101.7641,7475.22,2026-03-29 07:04:21
750238,FFM2720,3.8499,101.7641,7475.22,2026-03-29 07:05:22
800441,AIC346,3.7755,100.2688,10050.78,2026-03-29 07:06:23
750238,FFM2720,3.8499,101.7641,7475.22,2026-03-29 07:06:23
800441,AIC346,3.6836,100.3624,10066.02,2026-03-29 07:07:25
750238,FFM2720,3.8499,101.7641,7475.22,2026-03-29 07:07:25
800441,AIC346,3.6836,100.3624,10066.02,2026-03-29 07:08:26
750238,FFM2720,3.8499,101.7641,7475.22,2026-03-29 07:08:26
750581,MXD520,3.6969,100.648,9753.6,2026-03-29 07:18:39
750581,MXD520,3.6969,100.648,9753.6,2026-03-29 07:19:40
750581,MXD520,3.6969,100.648,9753.6,2026-03-29 07:20:41
750581,MXD520,3.6969,100.648,9753.6,2026-03-29 07:21:42
750581,MXD520,3.6969,100.648,9753.6,2026-03-29 07:22:44
750581,MXD520,3.6969,100.648,9753.6,2026-03-29 07:23:45
7502b3,AXM6020,3.6034,100.6878,8321.04,2026-03-29 07:34:58
7502b3,AXM6020,3.6985,100.6636,8564.88,2026-03-29 07:35:59
75046c,MAS387,3.6457,101.7518,7178.04,2026-03-29 07:35:59
7502b3,AXM6020,3.6985,100.6636,8564.88,2026-03-29 07:37:00
7502b3,AXM6020,3.6985,100.6636,8564.88,2026-03-29 07:38:01
8963e8,UAE314,3.8015,100.2421,12496.8,2026-03-29 07:39:02
7502b3,AXM6020,3.6985,100.6636,8564.88,2026-03-29 07:39:02
8963e8,UAE314,3.7091,100.3362,12496.8,2026-03-29 07:40:03
7502b3,AXM6020,3.6985,100.6636,8564.88,2026-03-29 07:40:03
8963e8,UAE314,3.6164,100.4308,12496.8,2026-03-29 07:41:05
76b451,SIA524,3.6055,101.6152,10972.8,2026-03-29 07:51:17
76b451,SIA524,3.6927,101.5136,10972.8,2026-03-29 07:52:18
76b451,SIA524,3.7694,101.425,10972.8,2026-03-29 07:53:19
750467,AXM6114,3.6049,100.6273,7315.2,2026-03-29 07:53:19
76b451,SIA524,3.8079,101.3806,10972.8,2026-03-29 07:54:21
750485,AXM6084,3.7151,101.37,5204.46,2026-03-29 07:54:21
750467,AXM6114,3.6767,100.5867,7315.2,2026-03-29 07:54:21
76b451,SIA524,3.8079,101.3806,10972.8,2026-03-29 07:55:22
750485,AXM6084,3.7151,101.37,5204.46,2026-03-29 07:55:22
750467,AXM6114,3.6767,100.5867,7315.2,2026-03-29 07:55:22
76b862,TGW430,4.147,101.6705,10287.0,2026-03-29 07:56:23
76b451,SIA524,3.8079,101.3806,10972.8,2026-03-29 07:56:23
750485,AXM6084,3.8192,101.3018,4503.42,2026-03-29 07:56:23
750467,AXM6114,3.6767,100.5867,7315.2,2026-03-29 07:56:23
76b862,TGW430,4.1856,101.6399,10058.4,2026-03-29 07:57:24
76b451,SIA524,3.8079,101.3806,10972.8,2026-03-29 07:57:24
750485,AXM6084,3.8192,101.3018,4503.42,2026-03-29 07:57:24
750467,AXM6114,3.6767,100.5867,7315.2,2026-03-29 07:57:24
76b862,TGW430,4.1856,101.6399,10058.4,2026-03-29 07:58:25
76b451,SIA524,3.8079,101.3806,10972.8,2026-03-29 07:58:25
750485,AXM6084,3.8192,101.3018,4503.42,2026-03-29 07:58:25
750467,AXM6114,3.6767,100.5867,7315.2,2026-03-29 07:58:25
76b862,TGW430,4.1856,101.6399,10058.4,2026-03-29 07:59:26
750485,AXM6084,3.8192,101.3018,4503.42,2026-03-29 07:59:26
76b862,TGW430,4.1856,101.6399,10058.4,2026-03-29 08:00:27
750485,AXM6084,3.8192,101.3018,4503.42,2026-03-29 08:00:27
76b862,TGW430,4.1856,101.6399,10058.4,2026-03-29 08:01:29
800741,N/A,3.9514,101.4245,11887.2,2026-03-29 08:04:32
800741,AIC302,3.8096,101.4804,11879.58,2026-03-29 08:05:33
8a0987,TNU633,3.6799,101.3772,10363.2,2026-03-29 08:05:33
800741,AIC302,3.681,101.5307,11887.2,2026-03-29 08:06:35
8a0987,TNU633,3.7721,101.3046,10012.68,2026-03-29 08:06:35
8a0987,TNU633,3.8703,101.2384,9631.68,2026-03-29 08:07:36
8a0987,TNU633,3.8703,101.2384,9631.68,2026-03-29 08:08:37
8a0987,TNU633,3.8703,101.2384,9631.68,2026-03-29 08:09:38
8a0987,TNU633,3.8703,101.2384,9631.68,2026-03-29 08:10:40
8a0987,TNU633,3.8703,101.2384,9631.68,2026-03-29 08:11:41
801464,AIC2118,4.0241,101.7555,10660.38,2026-03-29 08:11:41
8a0987,TNU633,3.8703,101.2384,9631.68,2026-03-29 08:12:42
750202,N/A,3.7212,101.64,6568.44,2026-03-29 08:15:46
750202,MAS797,3.6033,101.6716,6210.3,2026-03-29 08:16:47
800d10,IGO1025,3.7902,100.2535,11277.6,2026-03-29 08:16:47
800d10,IGO1025,3.6952,100.3504,11285.22,2026-03-29 08:17:48
39c429,AFR182,3.9186,101.3304,11879.58,2026-03-29 08:18:49
800d10,IGO1025,3.6118,100.4355,11269.98,2026-03-29 08:18:49
80177d,IGO1021,3.8087,100.2351,10668.0,2026-03-29 08:19:51
39c429,AFR182,3.7961,101.4045,11887.2,2026-03-29 08:19:51
80177d,IGO1021,3.719,100.3265,10668.0,2026-03-29 08:20:52
71c075,KAL349,3.6099,101.5193,9753.6,2026-03-29 08:20:52
39c429,AFR182,3.6821,101.4742,11879.58,2026-03-29 08:20:52
80177d,IGO1021,3.6856,100.3606,10668.0,2026-03-29 08:21:53
71c075,KAL349,3.6377,101.4961,9753.6,2026-03-29 08:21:53
75043a,MXD2302,3.6038,101.7532,6156.96,2026-03-29 08:21:53
80177d,IGO1021,3.6856,100.3606,10668.0,2026-03-29 08:22:54
71c075,KAL349,3.6377,101.4961,9753.6,2026-03-29 08:22:54
75043a,MXD2302,3.7036,101.7605,7018.02,2026-03-29 08:22:54
71c075,KAL349,3.6377,101.4961,9753.6,2026-03-29 08:23:55
75043a,MXD2302,3.7449,101.7633,7284.72,2026-03-29 08:23:55
71c075,KAL349,3.6377,101.4961,9753.6,2026-03-29 08:24:57
75043a,MXD2302,3.7449,101.7633,7284.72,2026-03-29 08:24:57
71c075,KAL349,3.6377,101.4961,9753.6,2026-03-29 08:25:58
75043a,MXD2302,3.7449,101.7633,7284.72,2026-03-29 08:25:58
75043a,MXD2302,3.7449,101.7633,7284.72,2026-03-29 08:26:59
75043a,MXD2302,3.7449,101.7633,7284.72,2026-03-29 08:28:00
76b864,TGW658,3.756,101.7846,10980.42,2026-03-29 08:29:01
76b864,TGW658,3.8643,101.7178,10988.04,2026-03-29 08:30:02
76b864,TGW658,3.9865,101.6425,10972.8,2026-03-29 08:31:04
76b864,TGW658,4.1011,101.5716,10980.42,2026-03-29 08:32:04
76cd74,SIA308,3.6843,101.7778,9784.08,2026-03-29 10:04:48
76cd74,SIA308,3.7687,101.683,9867.9,2026-03-29 10:05:49
76cd74,SIA308,3.879,101.5995,9936.48,2026-03-29 10:06:50
750220,MAS104,3.7831,100.2715,8580.12,2026-03-29 10:07:50
76cd74,SIA308,3.9742,101.5283,9997.44,2026-03-29 10:07:50
750220,MAS104,3.8203,100.23,8747.76,2026-03-29 10:08:51
76cd74,SIA308,3.9742,101.5283,9997.44,2026-03-29 10:08:51
750220,MAS104,3.8203,100.23,8747.76,2026-03-29 10:09:52
76cd74,SIA308,3.9742,101.5283,9997.44,2026-03-29 10:09:52
750220,MAS104,3.8203,100.23,8747.76,2026-03-29 10:10:53
76cd74,SIA308,3.9742,101.5283,9997.44,2026-03-29 10:10:53
750220,MAS104,3.8203,100.23,8747.76,2026-03-29 10:11:54
76cd74,SIA308,3.9742,101.5283,9997.44,2026-03-29 10:11:54
750220,MAS104,3.8203,100.23,8747.76,2026-03-29 10:12:54
76cd74,SIA308,3.9742,101.5283,9997.44,2026-03-29 10:12:54
75010a,AXM6172,3.9511,101.2309,11597.64,2026-03-29 10:21:18
75010a,AXM6172,3.9511,101.2309,11597.64,2026-03-29 10:22:21
800441,AIC347,3.6046,101.1908,10363.2,2026-03-29 10:23:21
75010a,AXM6172,3.9511,101.2309,11597.64,2026-03-29 10:23:21
800441,AIC347,3.6702,101.0996,10363.2,2026-03-29 10:24:21
76b44e,SIA134,3.6373,101.3905,9753.6,2026-03-29 10:24:21
800441,AIC347,3.6976,101.0615,10363.2,2026-03-29 10:25:22
76b44e,SIA134,3.6666,101.3668,9753.6,2026-03-29 10:25:22
800441,AIC347,3.6976,101.0615,10363.2,2026-03-29 10:26:23
896489,ETD7NW,3.651,100.3994,7086.6,2026-03-29 10:26:23
76b44e,SIA134,3.6666,101.3668,9753.6,2026-03-29 10:26:23
800441,AIC347,3.6976,101.0615,10363.2,2026-03-29 10:27:24
896489,ETD7NW,3.7273,100.3153,7353.3,2026-03-29 10:27:24
76b44e,SIA134,3.6666,101.3668,9753.6,2026-03-29 10:27:24
801597,AIC2147,3.6593,101.3852,10058.4,2026-03-29 10:27:24
800441,AIC347,3.6976,101.0615,10363.2,2026-03-29 10:28:27
896489,ETD7NW,3.8232,100.2093,7673.34,2026-03-29 10:28:27
76b44e,SIA134,3.6666,101.3668,9753.6,2026-03-29 10:28:27
800441,AIC347,3.6976,101.0615,10363.2,2026-03-29 10:29:28
896489,ETD7NW,3.8232,100.2093,7673.34,2026-03-29 10:29:28
76b44e,SIA134,3.6666,101.3668,9753.6,2026-03-29 10:29:28
896489,ETD7NW,3.8232,100.2093,7673.34,2026-03-29 10:30:28
8a0394,AWQ222,3.6919,101.3629,10888.98,2026-03-29 10:31:29
896489,ETD7NW,3.8232,100.2093,7673.34,2026-03-29 10:31:29
7504f4,N/A,3.6972,100.4905,8389.62,2026-03-29 10:31:29
8a0394,AWQ222,3.7812,101.2903,10126.98,2026-03-29 10:32:30
896489,ETD7NW,3.8232,100.2093,7673.34,2026-03-29 10:32:30
76b444,SIA728,3.6315,101.7847,10972.8,2026-03-29 10:32:30
8a0394,AWQ222,3.8114,101.2662,9814.56,2026-03-29 10:33:33
896489,ETD7NW,3.8232,100.2093,7673.34,2026-03-29 10:33:33
76b444,SIA728,3.7253,101.6941,10972.8,2026-03-29 10:33:33
8a0394,AWQ222,3.8114,101.2662,9814.56,2026-03-29 10:34:34
76b444,SIA728,3.8433,101.6206,10972.8,2026-03-29 10:34:34
8a0394,AWQ222,3.8114,101.2662,9814.56,2026-03-29 10:35:38
76b444,SIA728,3.9534,101.5578,10972.8,2026-03-29 10:35:38
8a0394,AWQ222,3.8114,101.2662,9814.56,2026-03-29 10:36:42
76b444,SIA728,4.073,101.4896,10972.8,2026-03-29 10:36:42
8a0394,AWQ222,3.8114,101.2662,9814.56,2026-03-29 10:37:43
76b444,SIA728,4.1358,101.4535,10972.8,2026-03-29 10:37:43
76b444,SIA728,4.1358,101.4535,10972.8,2026-03-29 10:38:46
76b444,SIA728,4.1358,101.4535,10972.8,2026-03-29 10:39:46
76b444,SIA728,4.1358,101.4535,10972.8,2026-03-29 10:40:47
76b444,SIA728,4.1358,101.4535,10972.8,2026-03-29 10:41:48
75026b,XAX604,3.7288,100.267,6416.04,2026-03-29 11:08:27
76cda7,SIA432,3.6395,101.3257,11574.78,2026-03-29 11:08:27
75026b,XAX604,3.7288,100.267,6416.04,2026-03-29 11:09:31
76cda7,SIA432,3.7108,101.2047,11582.4,2026-03-29 11:09:31
75026b,XAX604,3.7288,100.267,6416.04,2026-03-29 11:10:32
76cda7,SIA432,3.7877,101.0739,11582.4,2026-03-29 11:10:32
75026b,XAX604,3.7288,100.267,6416.04,2026-03-29 11:11:36
76cda7,SIA432,3.8133,101.0196,11582.4,2026-03-29 11:11:36
75026b,XAX604,3.7288,100.267,6416.04,2026-03-29 11:12:37
76cda7,SIA432,3.8133,101.0196,11582.4,2026-03-29 11:12:37
801552,AIC4115,3.6301,101.3292,10058.4,2026-03-29 11:13:38
76cda7,SIA432,3.8133,101.0196,11582.4,2026-03-29 11:13:38
76cda7,SIA432,3.8133,101.0196,11582.4,2026-03-29 11:14:43
76cda7,SIA432,3.7068,100.4487,11582.4,2026-03-29 11:15:44
801464,AIC2119,3.8281,101.7773,10378.44,2026-03-29 11:16:45
76cda7,SIA432,3.7068,100.4487,11582.4,2026-03-29 11:16:45
75047c,AXM891,3.6075,101.7472,5562.6,2026-03-29 11:16:45
801464,AIC2119,3.9393,101.7065,10363.2,2026-03-29 11:17:46
76cda7,SIA432,3.7068,100.4487,11582.4,2026-03-29 11:17:46
801464,AIC2119,4.0375,101.6451,10370.82,2026-03-29 11:18:47
76cda7,SIA432,3.7068,100.4487,11582.4,2026-03-29 11:18:47
801464,AIC2119,4.1516,101.5729,10370.82,2026-03-29 11:19:50
801464,AIC2119,4.2603,101.5045,10355.58,2026-03-29 11:20:50
801464,AIC2119,4.3311,101.4596,10355.58,2026-03-29 11:21:51
801464,AIC2119,4.381,101.4281,10363.2,2026-03-29 11:22:52
801464,AIC2119,4.381,101.4281,10363.2,2026-03-29 11:23:53
801464,AIC2119,4.381,101.4281,10363.2,2026-03-29 11:24:56
801464,AIC2119,4.381,101.4281,10363.2,2026-03-29 11:25:57
801464,AIC2119,4.381,101.4281,10363.2,2026-03-29 11:26:58
80177d,IGO1022,3.614,100.56,10363.2,2026-03-29 11:27:58
80177d,IGO1022,3.6257,100.4501,10370.82,2026-03-29 11:28:59
80177d,IGO1022,3.6389,100.3237,10363.2,2026-03-29 11:30:02
80177d,IGO1022,3.6389,100.3237,10363.2,2026-03-29 11:31:03
80177d,IGO1022,3.7199,100.0776,10370.82,2026-03-29 11:32:04
8963e8,UAE315,3.6456,100.7034,10972.8,2026-03-29 11:32:04
80177d,IGO1022,3.7199,100.0776,10370.82,2026-03-29 11:33:04
76b863,TGW427,3.6828,101.4447,10058.4,2026-03-29 11:33:04
8963e8,UAE315,3.6951,100.6361,10972.8,2026-03-29 11:33:04
8963e8,UAE315,3.6951,100.6361,10972.8,2026-03-29 11:34:05
8963e8,UAE315,3.6951,100.6361,10972.8,2026-03-29 11:35:08
8963e8,UAE315,3.6951,100.6361,10972.8,2026-03-29 11:36:09
8963e8,UAE315,3.6951,100.6361,10972.8,2026-03-29 11:37:10
39c429,AFR181,3.6212,101.7858,9136.38,2026-03-29 11:38:11
39c429,AFR181,3.7338,101.7328,9144.0,2026-03-29 11:39:12
750450,AXM733,3.6869,101.1072,11590.02,2026-03-29 11:40:16
39c429,AFR181,3.8817,101.662,9144.0,2026-03-29 11:40:16
750450,AXM733,3.7415,101.0679,11590.02,2026-03-29 11:41:17
39c429,AFR181,3.9929,101.609,9136.38,2026-03-29 11:41:17
750450,AXM733,3.7415,101.0679,11590.02,2026-03-29 11:42:17
39c429,AFR181,4.0945,101.5607,9144.0,2026-03-29 11:42:17
750450,AXM733,3.7415,101.0679,11590.02,2026-03-29 11:43:18
39c429,AFR181,4.0945,101.5607,9144.0,2026-03-29 11:43:18
750450,AXM733,3.7415,101.0679,11590.02,2026-03-29 11:44:19
39c429,AFR181,4.0945,101.5607,9144.0,2026-03-29 11:44:19
750450,AXM733,3.7415,101.0679,11590.02,2026-03-29 11:45:23
39c429,AFR181,4.0945,101.5607,9144.0,2026-03-29 11:45:23
76b864,TGW659,3.678,101.328,10668.0,2026-03-29 11:46:24
75010a,N/A,3.73,101.1,10439.4,2026-03-29 11:46:24
39c429,AFR181,4.0945,101.5607,9144.0,2026-03-29 11:46:24
8a0394,AWQ223,3.6661,101.5954,9784.08,2026-03-29 12:05:50
8004a6,AIC348,3.8159,100.0404,10668.0,2026-03-29 12:06:50
8004a6,AIC348,3.8159,100.0404,10668.0,2026-03-29 12:07:51
781f73,CSN349,3.6221,101.7563,6835.14,2026-03-29 12:07:51
8004a6,AIC348,3.8159,100.0404,10668.0,2026-03-29 12:08:52
8004a6,AIC348,3.8159,100.0404,10668.0,2026-03-29 12:09:53
750474,AXM6119,3.625,100.5272,8183.88,2026-03-29 12:10:56
750585,AXM6335,3.6267,100.5955,8404.86,2026-03-29 12:13:58
76b44e,SIA133,3.7557,101.4564,9837.42,2026-03-29 12:19:09
76b44e,SIA133,3.645,101.5235,10172.7,2026-03-29 12:20:10
75052a,AXM6016,3.647,100.9501,8267.7,2026-03-29 12:24:16
75052a,AXM6016,3.647,100.9501,8267.7,2026-03-29 12:25:17
75052a,AXM6016,3.647,100.9501,8267.7,2026-03-29 12:26:23
75052a,AXM6016,3.647,100.9501,8267.7,2026-03-29 12:27:24
75052a,AXM6016,3.647,100.9501,8267.7,2026-03-29 12:28:25
75033c,AXM881,3.7538,101.7263,7338.06,2026-03-29 12:37:41
75033c,AXM881,3.649,101.6731,7025.64,2026-03-29 12:38:42
8015c1,AIC2146,3.6814,101.6242,9144.0,2026-03-29 12:45:56
8015c1,AIC2146,3.8147,101.545,9144.0,2026-03-29 12:47:02
8015c1,AIC2146,3.91,101.4884,9144.0,2026-03-29 12:48:03
7c4a56,JST71,3.6431,101.6444,10972.8,2026-03-29 12:48:03
750400,MXD340,3.6438,101.2598,9494.52,2026-03-29 12:48:03
8015c1,AIC2146,4.0275,101.4188,9144.0,2026-03-29 12:49:04
7c4a56,JST71,3.7571,101.5771,10957.56,2026-03-29 12:49:04
750400,MXD340,3.6438,101.2598,9494.52,2026-03-29 12:49:04
8015c1,AIC2146,4.0275,101.4188,9144.0,2026-03-29 12:50:05
7c4a56,JST71,3.8684,101.5113,10965.18,2026-03-29 12:50:05
750400,MXD340,3.6438,101.2598,9494.52,2026-03-29 12:50:05
8015c1,AIC2146,4.0275,101.4188,9144.0,2026-03-29 12:51:06
7c4a56,JST71,3.9062,101.4891,10972.8,2026-03-29 12:51:06
750400,MXD340,3.6438,101.2598,9494.52,2026-03-29 12:51:06
8015c1,AIC2146,4.0275,101.4188,9144.0,2026-03-29 12:52:12
7c4a56,JST71,3.9062,101.4891,10972.8,2026-03-29 12:52:12
750400,MXD340,3.6438,101.2598,9494.52,2026-03-29 12:52:12
8015c1,AIC2146,4.0275,101.4188,9144.0,2026-03-29 12:53:14
7c4a56,JST71,3.9062,101.4891,10972.8,2026-03-29 12:53:14
750400,MXD340,3.6438,101.2598,9494.52,2026-03-29 12:53:14
7c4a56,JST71,3.9062,101.4891,10972.8,2026-03-29 12:54:15
7c4a56,JST71,3.9062,101.4891,10972.8,2026-03-29 12:55:16
750288,N/A,3.774,101.269,10668.0,2026-03-29 12:57:22
750288,AXM728,3.6603,101.3207,10668.0,2026-03-29 12:58:23
7504fd,AXM6415,3.6048,101.409,9448.8,2026-03-29 12:58:23
75002c,AXM5433,3.7362,101.7714,11582.4,2026-03-29 13:00:25
75027d,AXM1572,3.6143,101.1844,10370.82,2026-03-29 13:00:25
750441,AXM517,3.6783,101.7994,6880.86,2026-03-29 13:00:25
75002c,AXM5433,3.7882,101.6504,11422.38,2026-03-29 13:01:27
75027d,AXM1572,3.7131,101.1089,10187.94,2026-03-29 13:01:27
75002c,AXM5433,3.8298,101.5537,11178.54,2026-03-29 13:02:33
75027d,AXM1572,3.7376,101.0902,10119.36,2026-03-29 13:02:33
75002c,AXM5433,3.8902,101.4301,10843.26,2026-03-29 13:03:34
75027d,AXM1572,3.7376,101.0902,10119.36,2026-03-29 13:03:34
75002c,AXM5433,3.9455,101.3789,10668.0,2026-03-29 13:04:35
75027d,AXM1572,3.7376,101.0902,10119.36,2026-03-29 13:04:35
75047d,AXM824,3.6372,101.1324,8260.08,2026-03-29 13:04:35
75002c,AXM5433,3.9455,101.3789,10668.0,2026-03-29 13:05:36
75027d,AXM1572,3.7376,101.0902,10119.36,2026-03-29 13:05:36
75047d,AXM824,3.6372,101.1324,8260.08,2026-03-29 13:05:36
75002c,AXM5433,3.9455,101.3789,10668.0,2026-03-29 13:06:37
75027d,AXM1572,3.7376,101.0902,10119.36,2026-03-29 13:06:37
75047d,AXM824,3.6372,101.1324,8260.08,2026-03-29 13:06:37
75002c,AXM5433,3.9455,101.3789,10668.0,2026-03-29 13:07:43
75047d,AXM824,3.6372,101.1324,8260.08,2026-03-29 13:07:43
75002c,AXM5433,3.9455,101.3789,10668.0,2026-03-29 13:08:45
75047d,AXM824,3.6372,101.1324,8260.08,2026-03-29 13:08:45
76b86a,TGW644,3.6907,101.7096,10363.2,2026-03-29 13:15:57
76b86a,TGW644,3.7998,101.6336,10370.82,2026-03-29 13:16:58
7504b5,N/A,3.7059,101.7077,6111.24,2026-03-29 13:16:58
76b86a,TGW644,3.9079,101.5584,10363.2,2026-03-29 13:18:02
7504b5,N/A,3.6838,101.6962,6035.04,2026-03-29 13:18:02
800d37,IGO1015,3.638,101.3928,10675.62,2026-03-29 13:18:02
76b86a,TGW644,4.0087,101.4883,10363.2,2026-03-29 13:19:03
7504b5,N/A,3.6838,101.6962,6035.04,2026-03-29 13:19:03
76b86a,TGW644,4.0979,101.4262,10363.2,2026-03-29 13:20:04
7504b5,N/A,3.6838,101.6962,6035.04,2026-03-29 13:20:04
76b86a,TGW644,4.0979,101.4262,10363.2,2026-03-29 13:21:05
7504b5,N/A,3.6838,101.6962,6035.04,2026-03-29 13:21:05
76b86a,TGW644,4.0979,101.4262,10363.2,2026-03-29 13:22:07
76b86a,TGW644,4.0979,101.4262,10363.2,2026-03-29 13:23:12
7502bc,AXM6125,3.6905,100.5052,8122.92,2026-03-29 13:23:12
76b86a,TGW644,4.0979,101.4262,10363.2,2026-03-29 13:24:13
750450,AXM6321,3.6303,100.6926,7909.56,2026-03-29 13:26:16
896186,UAE15K,3.6052,100.0579,10584.18,2026-03-29 13:34:40
76b444,SIA727,3.7252,101.1486,11277.6,2026-03-29 13:36:43
76b444,SIA727,3.6051,101.2175,11277.6,2026-03-29 13:37:45
75020e,MAS755,3.6656,101.7719,7010.4,2026-03-29 13:44:06
750440,AXM544,3.7472,101.7518,7970.52,2026-03-29 13:48:11
75056a,MXD2303,3.6042,101.7991,6675.12,2026-03-29 13:48:11
8832b5,TLM102,3.6055,101.2558,10058.4,2026-03-29 13:49:18
750440,AXM544,3.6581,101.6496,7924.8,2026-03-29 13:49:18
75052a,AXM6017,3.6386,100.5169,8724.9,2026-03-29 13:50:19
750592,MAS785,3.6275,101.685,6896.1,2026-03-29 13:52:20
750592,MAS785,3.6279,101.7854,6591.3,2026-03-29 13:53:21
880852,AIQ308,3.6284,100.5196,8191.5,2026-03-29 13:54:25
75043e,AXM5323,3.606,101.1738,11010.9,2026-03-29 13:54:25
75043e,AXM5323,3.7164,101.1112,10713.72,2026-03-29 13:55:26
75043e,AXM5323,3.7758,101.0772,10561.32,2026-03-29 13:56:26
75043e,AXM5323,3.7758,101.0772,10561.32,2026-03-29 13:57:27
750585,AXM101,3.6227,100.9884,6438.9,2026-03-29 13:57:27
75043e,AXM5323,3.7758,101.0772,10561.32,2026-03-29 13:58:28
750585,AXM101,3.6227,100.9884,6438.9,2026-03-29 13:58:28
75043e,AXM5323,3.7758,101.0772,10561.32,2026-03-29 13:59:32
750585,AXM101,3.6227,100.9884,6438.9,2026-03-29 13:59:32
75043e,AXM5323,3.7758,101.0772,10561.32,2026-03-29 14:00:33
750585,AXM101,3.6227,100.9884,6438.9,2026-03-29 14:00:33
75043e,AXM5323,3.7758,101.0772,10561.32,2026-03-29 14:01:34
750585,AXM101,3.6227,100.9884,6438.9,2026-03-29 14:01:34
76b447,SIA732,3.6193,101.6552,10972.8,2026-03-29 14:02:35
76b447,SIA732,3.7167,101.5696,10972.8,2026-03-29 14:03:35
76b447,SIA732,3.8176,101.5132,10972.8,2026-03-29 14:04:38
76b447,SIA732,3.8176,101.5132,10972.8,2026-03-29 14:05:39
750459,AXM884,3.6443,100.7928,8145.78,2026-03-29 14:05:39
76b447,SIA732,3.8176,101.5132,10972.8,2026-03-29 14:06:40
750459,AXM884,3.6824,100.7707,8359.14,2026-03-29 14:06:40
76b447,SIA732,3.8176,101.5132,10972.8,2026-03-29 14:07:41
750459,AXM884,3.6824,100.7707,8359.14,2026-03-29 14:07:41
76b447,SIA732,3.8176,101.5132,10972.8,2026-03-29 14:08:41
750459,AXM884,3.6824,100.7707,8359.14,2026-03-29 14:08:41
76b447,SIA732,3.8176,101.5132,10972.8,2026-03-29 14:09:44
750459,AXM884,3.6824,100.7707,8359.14,2026-03-29 14:09:44
801552,AIC2116,3.7326,101.5448,10363.2,2026-03-29 14:11:01
801552,AIC2116,3.8319,101.4917,10363.2,2026-03-29 14:12:02
801552,AIC2116,3.9325,101.4394,10363.2,2026-03-29 14:13:02
801552,AIC2116,3.9325,101.4394,10363.2,2026-03-29 14:14:03
801552,AIC2116,3.9325,101.4394,10363.2,2026-03-29 14:15:05
801552,AIC2116,3.9325,101.4394,10363.2,2026-03-29 14:16:08
801552,AIC2116,3.9325,101.4394,10363.2,2026-03-29 14:17:09
801552,AIC2116,3.9325,101.4394,10363.2,2026-03-29 14:18:09
8963d6,UAE356,3.7899,100.2174,10668.0,2026-03-29 14:25:21
8963d6,UAE356,3.7081,100.2779,10668.0,2026-03-29 14:26:24
76d1ca,TGW476,3.6761,101.177,11582.4,2026-03-29 14:27:25
76d1ca,TGW476,3.7619,101.1046,11590.02,2026-03-29 14:28:26
76d1ca,TGW476,3.8605,101.0214,11590.02,2026-03-29 14:29:26
76d1ca,TGW476,3.8781,101.0065,11590.02,2026-03-29 14:30:28
76d1ca,TGW476,3.8781,101.0065,11590.02,2026-03-29 14:31:31
76d1ca,TGW476,3.8781,101.0065,11590.02,2026-03-29 14:32:32
76d1ca,TGW476,3.8781,101.0065,11590.02,2026-03-29 14:33:32
76d1ca,TGW476,3.8781,101.0065,11590.02,2026-03-29 14:34:33
7500e4,AXM1722,3.611,101.268,10965.18,2026-03-29 14:36:40
7500e4,AXM1722,3.7176,101.1983,10934.7,2026-03-29 14:37:41
7500e4,AXM1722,3.8005,101.1441,10706.1,2026-03-29 14:38:41
7500e4,AXM1722,3.8714,101.0978,10477.5,2026-03-29 14:39:42
7500e4,AXM1722,3.8714,101.0978,10477.5,2026-03-29 14:40:43
7500e4,AXM1722,3.8714,101.0978,10477.5,2026-03-29 14:41:46
7500e4,AXM1722,3.8714,101.0978,10477.5,2026-03-29 14:42:47
7500e4,AXM1722,3.8714,101.0978,10477.5,2026-03-29 14:43:48
76d101,N/A,4.0817,101.7423,11887.2,2026-03-29 14:43:48
7504f4,AXM6305,3.6734,100.5093,8374.38,2026-03-29 14:44:49
7504f4,AXM6305,3.6252,100.5203,8252.46,2026-03-29 14:45:50
750441,AXM6318,3.7159,100.8443,8625.84,2026-03-29 14:47:54
750441,AXM6318,3.7159,100.8443,8625.84,2026-03-29 14:48:55
750441,AXM6318,3.7159,100.8443,8625.84,2026-03-29 14:49:56
750441,AXM6318,3.7159,100.8443,8625.84,2026-03-29 14:50:57
750441,AXM6318,3.7159,100.8443,8625.84,2026-03-29 14:52:00
750453,AXM643,3.7157,101.6713,6614.16,2026-03-29 14:54:01
750453,AXM643,3.6666,101.6483,6461.76,2026-03-29 14:55:02
750453,AXM643,3.6666,101.6483,6461.76,2026-03-29 14:56:04
750453,AXM643,3.6666,101.6483,6461.76,2026-03-29 14:57:07
750453,AXM643,3.6666,101.6483,6461.76,2026-03-29 14:58:08
406a34,BAW11,3.8437,100.1992,11277.6,2026-03-29 15:11:27
406a34,BAW11,3.7509,100.2938,11277.6,2026-03-29 15:12:29
406a34,BAW11,3.6897,100.3562,11277.6,2026-03-29 15:13:30
8004a6,AIC349,3.6436,100.7071,9144.0,2026-03-29 15:23:45
8004a6,AIC349,3.7039,100.6243,9144.0,2026-03-29 15:24:46
8004a6,AIC349,3.7402,100.5744,9144.0,2026-03-29 15:25:47
8004a6,AIC349,3.7402,100.5744,9144.0,2026-03-29 15:26:49
8004a6,AIC349,3.7402,100.5744,9144.0,2026-03-29 15:27:52
8004a6,AIC349,3.7402,100.5744,9144.0,2026-03-29 15:28:53
8a080e,MXD341,3.6371,101.5952,10424.16,2026-03-29 15:35:50
7502bc,AXM886,3.6649,100.9287,6690.36,2026-03-29 15:35:50
8a080e,MXD341,3.6244,101.6061,10477.5,2026-03-29 15:35:59
7502bc,AXM886,3.6649,100.9287,6690.36,2026-03-29 15:35:59
80184e,IGO1011,3.7805,100.2634,10675.62,2026-03-29 15:40:02
80184e,IGO1011,3.6868,100.3589,10683.24,2026-03-29 15:41:07
76b450,SIA135,3.6785,101.3422,10058.4,2026-03-29 15:41:07
80184e,IGO1011,3.6136,100.4336,10683.24,2026-03-29 15:42:08
7501fd,AXM6117,3.6292,100.7123,7642.86,2026-03-29 15:42:08
